1,47fenerbahceumraniyespor2022083081970064,202208292100 +0000,202208292215 +0000
1,47gecehaberi20220830305460709,202208292215 +0000,202208292230 +0000
1,47macinardindan20220830220255474,202208292230 +0000,202208292300 +0000
1,472f1b20220830458547376,202208292300 +0000,202208300000 +0000
1,47gecehaberi20220830782216433,202208300000 +0000,202208300015 +0000
1,47kartonsapka20220830900214526,202208300015 +0000,202208300030 +0000
1,475cayi20220830329775010,202208300030 +0000,202208300100 +0000
1,47espordafener20220830539393543,202208300100 +0000,202208300130 +0000
1,47gununroportaji2022083049342873,202208300130 +0000,202208300145 +0000
1,47superyildizlar20220830129610459,202208300145 +0000,202208300200 +0000
1,47headtohead20220830731997828,202208300200 +0000,202208300230 +0000
1,47fenerbahcesporokullari20220830286198393,202208300230 +0000,202208300300 +0000
1,47top5020220830448942745,202208300300 +0000,202208300330 +0000
1,47kartonsapka20220830954107161,202208300330 +0000,202208300430 +0000
1,47darussafakafenerbahcebeko2022083067245376,202208300430 +0000,202208300500 +0000
1,47top5020220830526441911,202208300500 +0000,202208300600 +0000
1,47gununroportaji20220830453936339,202208300600 +0000,202208300630 +0000
1,47tarihtebugun20220830602569042,202208300630 +0000,202208300645 +0000
1,47onun10golu20220830579881749,202208300645 +0000,202208300700 +0000
1,47galatasarayneffenerbahceb2022083095385564,202208300700 +0000,202208300830 +0000
1,47espordafener20220830476423686,202208300830 +0000,202208300900 +0000
1,47haber20220830734112484,202208300900 +0000,202208300915 +0000
1,47tarihtebugun20220830527414001,202208300915 +0000,202208300930 +0000
1,47fenerbahcesporokullari20220830982482186,202208300930 +0000,202208301000 +0000
1,47kartonsapka20220830117188106,202208301000 +0000,202208301030 +0000
1,4740+20220830273766955,202208301030 +0000,202208301100 +0000
1,4730agustoszaferbayramiozel20220830205312450,202208301100 +0000,202208301400 +0000
1,47haber20220830530917533,202208301400 +0000,202208301415 +0000
1,47feneriumsaati20220830216470980,202208301415 +0000,202208301430 +0000
1,47fenerbahcesporokullari20220830254357070,202208301430 +0000,202208301500 +0000
1,4740+20220830479666614,202208301500 +0000,202208301540 +0000
1,47bidunyaspor20220830903546149,202208301540 +0000,202208301607 +0000
1,47anahaber20220830176954440,202208301607 +0000,202208301630 +0000
1,47guncel20220830737062001,202208301630 +0000,202208301830 +0000
1,472f1b20220830108151718,202208301830 +0000,202208301930 +0000
1,47guncel20220830581919334,202208301930 +0000,202208301945 +0000
1,4740+20220830184272888,202208301945 +0000,202208302025 +0000
1,47bidunyaspor20220830678629762,202208302025 +0000,202208302045 +0000
1,47gecehaberi20220830292405342,202208302045 +0000,202208302100 +0000
1,47tarihtebugun20220831509227110,202208310630 +0000,202208310645 +0000
1,47onun10golu20220831346133004,202208310645 +0000,202208310700 +0000
1,47fenerbahcesafiportizmitbe20220831481759002,202208310700 +0000,202208310830 +0000
1,47guncel20220831739208429,202208310830 +0000,202208310845 +0000
1,47superyildizlar20220831299044782,202208310845 +0000,202208310900 +0000
1,47haber20220831661040756,202208310900 +0000,202208310915 +0000
1,4740+20220831191356876,202208310915 +0000,202208311000 +0000
1,472f1b20220831961747357,202208311000 +0000,202208311100 +0000
1,47haber20220831852885066,202208311100 +0000,202208311115 +0000
1,47turktelekomsporfenerbahce20220831974144473,202208311115 +0000,202208311245 +0000
1,47superyildizlar20220831666629694,202208311245 +0000,202208311300 +0000
1,47haber20220831854649540,202208311300 +0000,202208311315 +0000
1,47smacor20220831924767386,202208311315 +0000,202208311330 +0000
1,47besiktasfenerbahce20220831743945467,202208311330 +0000,202208311500 +0000
1,47avrupadanfutbol20220831755892795,202208311500 +0000,202208311530 +0000
1,47superyildizlar20220831416247473,202208311530 +0000,202208311545 +0000
1,47tarihtebugun20220831223462495,202208311545 +0000,202208311555 +0000
1,47sosyalmedyagunlugu20220831920616006,202208311555 +0000,202208311607 +0000
1,47anahaber20220831247333404,202208311607 +0000,202208311630 +0000
1,47yakintakip20220831916556943,202208311630 +0000,202208311645 +0000
1,47feneriumsaati20220831259637846,202208311645 +0000,202208311700 +0000
1,47bidunyaspor20220831471465093,202208311700 +0000,202208311730 +0000
1,47tarihtebugun20220831673840448,202208311730 +0000,202208311745 +0000
1,47smacor20220831233688018,202208311745 +0000,202208311800 +0000
1,47aciktribun20220831239242097,202208311800 +0000,202208311900 +0000
1,47superyildizlar20220831367661517,202208311900 +0000,202208311915 +0000
1,4740+20220831991511313,202208311915 +0000,202208312000 +0000
1,47avrupadanfutbol20220831876306902,202208312000 +0000,202208312030 +0000
1,47yakintakip2022083114202168,202208312030 +0000,202208312045 +0000
1,47gecehaberi20220831418714698,202208312045 +0000,202208312100 +0000
1,47aciktribun20220901609200022,202208312100 +0000,202208312200 +0000
1,47besiktasfenerbahce20220901879810805,202208312200 +0000,202208312330 +0000
1,47bidunyaspor2022090126120747,202208312330 +0000,202209010000 +0000
1,47gecehaberi20220901839188287,202209010000 +0000,202209010015 +0000
1,47fenerbahcesafiportizmitbe20220901918086295,202209010015 +0000,202209010145 +0000
1,47kickoff20220901744757867,202209010145 +0000,202209010245 +0000
1,47turktelekomsporfenerbahce20220901978365891,202209010245 +0000,202209010415 +0000
1,47avrupadanfutbol20220901530564661,202209010415 +0000,202209010445 +0000
1,47smacor20220901808972997,202209010445 +0000,202209010500 +0000
1,47smacor20220901758443543,202209010500 +0000,202209010515 +0000
1,4740+20220901998786445,202209010515 +0000,202209010600 +0000
1,47bidunyaspor20220901943391967,202209010600 +0000,202209010630 +0000
1,47tarihtebugun20220901879176072,202209010630 +0000,202209010645 +0000
1,47onun10golu20220901520859447,202209010645 +0000,202209010700 +0000
1,47smacor20220901463255444,202209010700 +0000,202209010715 +0000
1,47aciktrubun20220901831556117,202209010715 +0000,202209010815 +0000
1,47espordafener20220901918176370,202209010815 +0000,202209010845 +0000
1,47feneriumsaati20220901403966953,202209010845 +0000,202209010900 +0000
1,47haber20220901744942871,202209010900 +0000,202209010915 +0000
1,47smacor20220901763088265,202209010915 +0000,202209010930 +0000
1,47yakintakip20220901561949084,202209010930 +0000,202209010945 +0000
1,47fenerbahcesafiportogmorma20220901560898043,202209010945 +0000,202209011100 +0000
1,47haber20220901904440871,202209011100 +0000,202209011115 +0000
1,47bidunyaspor20220901966061663,202209011115 +0000,202209011130 +0000
1,47fenerbahcebekobuyukcekmec20220901873915251,202209011130 +0000,202209011300 +0000
1,47haber20220901400909131,202209011300 +0000,202209011315 +0000
1,47galatasarayfenerbahce20220901172185783,202209011315 +0000,202209011445 +0000
1,47yakintakip20220901272093819,202209011445 +0000,202209011500 +0000
1,47aciktrubun20220901800833413,202209011500 +0000,202209011555 +0000
1,47sosyalmedyagunlugu20220901468619757,202209011555 +0000,202209011607 +0000
1,47anahaber20220901734680064,202209011607 +0000,202209011630 +0000
1,47headtohead20220901333544152,202209011630 +0000,202209011730 +0000
1,47soztaraftarda20220901151608414,202209011730 +0000,202209011745 +0000
1,47analizfenerbahce20220901396267699,202209011745 +0000,202209011800 +0000
1,47tamsahapress20220901642595523,202209011800 +0000,202209011900 +0000
1,47rakamlarlarakipler20220901952612503,202209011900 +0000,202209011930 +0000
1,47yakintakip20220901236136524,202209011930 +0000,202209011945 +0000
1,47smacor20220901268263130,202209011945 +0000,202209012000 +0000
1,4740+20220901834852056,202209012000 +0000,202209012045 +0000
1,47gecehaberi20220901472549516,202209012045 +0000,202209012100 +0000
1,47tamsahapress20220902197917209,202209012100 +0000,202209012200 +0000
1,47analizfenerbahce20220902364749364,202209012200 +0000,202209012215 +0000
1,47soztaraftarda20220902450028032,202209012215 +0000,202209012230 +0000
1,47headtohead20220902401168499,202209012230 +0000,202209012330 +0000
1,47gecehaberi20220902340304134,202209012330 +0000,202209012345 +0000
1,47galatasarayfenerbahce20220902347023034,202209012345 +0000,202209020100 +0000
1,47rakamlarlarakipler20220902584736273,202209020100 +0000,202209020130 +0000
1,47espordafener20220902773008953,202209020130 +0000,202209020200 +0000
1,47fenerbahcesafiportogmorma20220902483567051,202209020200 +0000,202209020300 +0000
1,4740+202209023927989,202209020300 +0000,202209020345 +0000
1,47smacor20220902992210300,202209020345 +0000,202209020400 +0000
1,47fenerbahcebekobuyukcekmec20220902521943207,202209020400 +0000,202209020530 +0000
1,47feneriumsaati20220902556657575,202209020530 +0000,202209020545 +0000
1,47bidunyaspor20220902687376675,202209020545 +0000,202209020600 +0000
1,47avrupadanfutbol20220902489758218,202209020600 +0000,202209020630 +0000
1,47tarihtebugun20220902685835235,202209020630 +0000,202209020645 +0000
1,47onun10golu20220902460069280,202209020645 +0000,202209020700 +0000
1,47headtohead20220902379088952,202209020700 +0000,202209020800 +0000
1,47tamsahapress20220902298291787,202209020800 +0000,202209020900 +0000
1,47haber20220902476686911,202209020900 +0000,202209020915 +0000
1,47topten20220902998626234,202209020915 +0000,202209020930 +0000
1,47analizfenerbahce20220902486945878,202209020930 +0000,202209020945 +0000
1,47soztaraftarda20220902524327644,202209020945 +0000,202209021000 +0000
1,47rakamlarlarakipler20220902999874614,202209021000 +0000,202209021030 +0000
1,47smacor20220902689557716,202209021030 +0000,202209021045 +0000
1,47tarihtebugun20220902396528615,202209021045 +0000,202209021100 +0000
1,47haber20220902976221955,202209021100 +0000,202209021115 +0000
1,47feneriumsaati20220902350818467,202209021115 +0000,202209021130 +0000
1,47fenerbahcebekobahcesehirk20220902912269822,202209021130 +0000,202209021300 +0000
1,47haber20220902213255043,202209021300 +0000,202209021315 +0000
1,47topten20220902203739557,202209021315 +0000,202209021330 +0000
1,47analizfenerbahce20220902938365812,202209021330 +0000,202209021345 +0000
1,47smacor20220902497033641,202209021345 +0000,202209021400 +0000
1,47avrupadanfutbol20220902529976635,202209021400 +0000,202209021430 +0000
1,47fenerbahcegalatasaray20220902147432189,202209021430 +0000,202209021555 +0000
1,47sosyalmedyagunlugu20220902532733084,202209021555 +0000,202209021607 +0000
1,47anahaber20220902470692449,202209021607 +0000,202209021630 +0000
1,47tarihtebugun20220902952921918,202209021630 +0000,202209021645 +0000
1,47bidunyaspor20220902394979850,202209021645 +0000,202209021700 +0000
1,47topten20220902257836340,202209021700 +0000,202209021715 +0000
1,4740+20220902962636019,202209021715 +0000,202209021800 +0000
1,47rakamlarlarakipler20220902790445978,202209021800 +0000,202209021830 +0000
1,47soztaraftarda20220902146965928,202209021830 +0000,202209021845 +0000
1,47analizfenerbahce20220902140388806,202209021845 +0000,202209021900 +0000
1,47headtohead20220902234463849,202209021900 +0000,202209022000 +0000
1,47espordafener20220902208311756,202209022000 +0000,202209022030 +0000
1,47feneriumsaati2022090244858032,202209022030 +0000,202209022045 +0000
1,47gecehaberi2022090258569228,202209022045 +0000,202209022100 +0000
