30sureyya20220621195646102,360,2022-06-21,23:15:00,00:45:00
1854edgesportstories20220617825138783,EDGE SPORT,2022-06-17,15:50:00,18:05:00
83gulmasali20220626368977250,ATV,2022-06-26,20:00:00,01:45:00
83atvanahaber202206265054952411,ATV,2022-06-27,00:45:00,05:35:00
94kanaldanahaber20220617123848269,KANAL D,2022-06-17,18:30:20,20:01:00
18282022nbafinals20220616423191305,NBA TV,2022-06-16,23:30:00,01:00:00
15pencapaasladonmeyecegim20220618179417135,TRT 1,2022-06-18,02:25:47,06:16:26
24mugevegulsenle2sayfa20220615440932826,TV8,2022-06-15,05:28:52,06:58:01
24oynatbakalim20220615998010784,TV8,2022-06-15,06:30:00,07:15:00
24mugevegulsenle2sayfa20220616881667901,TV8,2022-06-16,05:10:10,07:14:07
24oynatbakalim20220616432832419,TV8,2022-06-16,06:30:00,07:15:00
24mugevegulsenle2sayfa20220617679617307,TV8,2022-06-17,05:24:28,06:58:43
24oynatbakalim20220617709226030,TV8,2022-06-17,06:30:00,07:15:00
1853formula1yariskanada20220619404418316,S SPORT,2022-06-19,23:30:00,01:30:00
1853premierlig202122sezonozet20220620796491704,S SPORT,2022-06-20,05:00:00,07:00:00
92rambosonkan20220617699138580,SHOW TV,2022-06-17,21:47:21,23:39:34
92intikampesinde20220618195549927,SHOW TV,2022-06-18,23:29:28,01:45:00
92tuzak20220618592058997,SHOW TV,2022-06-18,23:39:34,01:30:00
1959motogpyarisalmanya20220619670278571,S SPORT 2,2022-06-19,23:00:00,01:00:00
1959boksgecesi2022062073089071,S SPORT 2,2022-06-20,04:00:00,07:00:00
1854edgesportstories20220617825138783,EDGE SPORT,2022-06-17,15:50:00,18:05:00
95kordugum2022062187959909,KANAL 7,2022-06-21,01:40:00,06:00:00
95askyakar20220621807616042,KANAL 7,2022-06-21,23:50:00,01:40:00
83sevmekzamani20220620447619449,ATV,2022-06-20,19:59:45,22:27:15
83gulmasali20220621687154869,ATV,2022-06-21,20:00:06,22:30:00
83sevmekzamani20220621439279450,ATV,2022-06-21,22:27:15,03:45:06
94kanaldanahaber20220617123848269,KANAL D,2022-06-17,18:30:20,20:01:00
18282022nbafinals20220616423191305,NBA TV,2022-06-16,23:30:00,01:00:00
15pencapaasladonmeyecegim20220618179417135,TRT 1,2022-06-18,02:25:47,06:16:26
15balkanninnisi20220621117961405,TRT 1,2022-06-21,20:00:57,22:39:08
15karatahta2022062244104415,TRT 1,2022-06-22,20:00:00,23:45:00
15balkanninnisi20220622928358979,TRT 1,2022-06-22,22:39:08,04:44:57
24mugevegulsenle2sayfa20220616881667901,TV8,2022-06-16,05:10:10,07:14:07
24oynatbakalim20220616432832419,TV8,2022-06-16,06:30:00,07:15:00
24mugevegulsenle2sayfa20220617679617307,TV8,2022-06-17,05:24:28,06:58:43
24oynatbakalim20220617709226030,TV8,2022-06-17,06:30:00,07:15:00
24mugevegulsenle2sayfa20220621821301398,TV8,2022-06-21,05:20:56,07:16:09
24oynatbakalim20220621899296278,TV8,2022-06-21,06:30:00,07:15:00
24mugevegulsenle2sayfa20220622707572548,TV8,2022-06-22,05:12:41,07:16:04
24oynatbakalim20220622995896033,TV8,2022-06-22,06:30:00,07:15:00
1853formula1yariskanada20220619404418316,S SPORT,2022-06-19,23:30:00,01:30:00
1853premierlig202122sezonozet20220620796491704,S SPORT,2022-06-20,05:00:00,07:00:00
92rambosonkan20220617699138580,SHOW TV,2022-06-17,21:47:21,23:39:34
92intikampesinde20220618195549927,SHOW TV,2022-06-18,23:29:28,01:45:00
92tuzak20220618592058997,SHOW TV,2022-06-18,23:39:34,01:30:00
1959motogpyarisalmanya20220619670278571,S SPORT 2,2022-06-19,23:00:00,01:00:00
1959boksgecesi2022062073089071,S SPORT 2,2022-06-20,04:00:00,07:00:00
