1827alvinnnandthechipmunks20220425586138972,2022-04-25
1827alvinnnandthechipmunks20220425916838643,2022-04-25
1827alvinnnandthechipmunks20220425926951139,2022-04-25
1827alvinnnandthechipmunks2022042711849285,2022-04-27
1827alvinnnandthechipmunks20220427477452309,2022-04-27
1827alvinnnandthechipmunks20220428359882285,2022-04-28
1827alvinnnandthechipmunks20220428776296721,2022-04-28
1827thecasagrandes20220428955953259,2022-04-28
1827thecasagrandes20220428617944515,2022-04-28
1827spongebobsquarepants20220429253343713,2022-04-29
1827alvinnnandthechipmunks20220429691807004,2022-04-29
